Spot,ATM_Vol,RR_Vol,BF_Vol
160.0,0.1465451602000192,0.103849530081231,0.11624556381119351
160.04004004004005,0.1464991743482856,0.10397589988343188,0.11626715127770162
160.08008008008008,0.14645324462188214,0.10410238386296186,0.11628866896978104
160.12012012012013,0.1464073717571554,0.10422898111857848,0.11631011664786768
160.16016016016016,0.14636155648954038,0.1043556907482317,0.11633149407317685
160.20020020020021,0.1463157995535487,0.10448251184907129,0.11635280100770609
160.24024024024024,0.14627010168275673,0.1046094435174521,0.11637403721423768
160.2802802802803,0.1462244636097939,0.10473648484894178,0.11639520245634137
160.32032032032032,0.14617888606633114,0.10486363493832614,0.11641629649837698
160.36036036036037,0.14613336978306876,0.10499089287961641,0.11643731910549703
160.4004004004004,0.14608791548972505,0.10511825776605498,0.11645827004364931
160.44044044044045,0.14604252391502442,0.10524572869012257,0.11647914907957961
160.48048048048048,0.14599719578668588,0.105373304743544,0.11649995598083415
160.52052052052053,0.1459519318314111,0.10550098501729535,0.11652069051576229
160.56056056056056,0.1459067327748731,0.10562876860160976,0.11654135245351904
160.60060060060061,0.1458615993417043,0.10575665458598457,0.11656194156406774
160.64064064064064,0.14581653225548516,0.10588464205918716,0.11658245761818242
160.6806806806807,0.1457715322387323,0.10601273010926208,0.11660290038745061
160.72072072072072,0.14572660001288731,0.10614091782353693,0.11662326964427559
160.76076076076077,0.14568173629830475,0.10626920428862949,0.11664356516187922
160.8008008008008,0.14563694181424092,0.10639758859045355,0.11666378671430426
160.84084084084085,0.14559221727884217,0.10652606981422615,0.11668393407641696
160.88088088088088,0.14554756340913347,0.10665464704447337,0.11670400702390954
160.92092092092093,0.1455029809210068,0.10678331936503756,0.11672400533330277
160.96096096096096,0.14545847052920988,0.10691208585908316,0.11674392878194828
161.00100100100101,0.14541403294733443,0.10704094560910393,0.11676377714803125
161.04104104104104,0.14536966888780498,0.10716989769692886,0.11678355021057275
161.0810810810811,0.14532537906186724,0.10729894120372926,0.11680324774943222
161.12112112112112,0.14528116417957698,0.10742807521002477,0.11682286954530993
161.16116116116117,0.1452370249497883,0.10755729879569051,0.11684241537974947
161.2012012012012,0.14519296208014257,0.10768661103996297,0.11686188503514006
161.24124124124126,0.1451489762770568,0.10781601102144725,0.11688127829471912
161.28128128128128,0.14510506824571268,0.10794549781812296,0.11690059494257453
161.32132132132134,0.1450612386900448,0.10807507050735149,0.11691983476364722
161.36136136136136,0.1450174883127299,0.10820472816588182,0.11693899754373337
161.40140140140142,0.14497381781517513,0.10833446986985797,0.11695808306948695
161.44144144144144,0.14493022789750704,0.10846429469482446,0.11697709112842197
161.4814814814815,0.14488671925856036,0.10859420171573421,0.11699602150891494
161.52152152152152,0.14484329259586684,0.10872419000695396,0.11701487400020721
161.56156156156158,0.14479994860564374,0.10885425864227177,0.11703364839240726
161.6016016016016,0.1447566879827832,0.10898440669490285,0.11705234447649308
161.64164164164166,0.14471351142084063,0.10911463323749689,0.11707096204431455
161.68168168168168,0.14467041961202382,0.10924493734214395,0.11708950088859559
161.72172172172174,0.14462741324718179,0.10937531808038181,0.11710796080293667
161.76176176176176,0.14458449301579374,0.10950577452320183,0.11712634158181698
161.80180180180182,0.14454165960595797,0.1096363057410563,0.11714464302059678
161.84184184184184,0.14449891370438084,0.10976691080386439,0.11716286491551958
161.8818818818819,0.14445625599636572,0.10989758878101942,0.11718100706371459
161.92192192192192,0.14441368716580225,0.11002833874139484,0.11719906926319877
161.96196196196198,0.14437120789515492,0.11015915975335151,0.11721705131287923
162.002002002002,0.14432881886545265,0.11029005088474372,0.11723495301255538
162.04204204204206,0.1442865207562774,0.11042101120292647,0.11725277416292125
162.08208208208208,0.14424431424575368,0.11055203977476138,0.11727051456556759
162.12212212212214,0.14420220001053727,0.11068313566662416,0.11728817402298422
162.16216216216216,0.1441601787258048,0.11081429794441047,0.11730575233856205
162.20220220220222,0.14411825106524262,0.11094552567354327,0.11732324931659548
162.24224224224224,0.14407641770103607,0.1110768179189788,0.11734066476228439
162.2822822822823,0.14403467930385877,0.11120817374521404,0.1173579984817364
162.32232232232232,0.14399303654286183,0.11133959221629246,0.11737525028196907
162.36236236236238,0.14395149008566305,0.11147107239581158,0.11739241997091197
162.4024024024024,0.14391004059833643,0.11160261334692889,0.11740950735740878
162.44244244244246,0.14386868874540115,0.11173421413236918,0.11742651225121958
162.48248248248248,0.14382743518981134,0.11186587381443054,0.1174434344630228
162.52252252252254,0.14378628059294496,0.11199759145499179,0.11746027380441745
162.56256256256256,0.14374522561459374,0.11212936611551838,0.11747703008792512
162.60260260260262,0.14370427091295213,0.11226119685706996,0.11749370312699216
162.64264264264264,0.14366341714460698,0.11239308274030593,0.11751029273599164
162.6826826826827,0.143622664964527,0.11252502282549341,0.11752679873022559
162.72272272272272,0.14358201502605222,0.11265701617251289,0.11754322092592684
162.76276276276278,0.14354146798088357,0.11278906184086568,0.11755955914026127
162.8028028028028,0.14350102447907234,0.11292115888967995,0.11757581319132968
162.84284284284286,0.1434606851690098,0.11305330637771809,0.11759198289816997
162.88288288288288,0.1434204506974169,0.11318550336338276,0.11760806808075899
162.92292292292294,0.14338032170933374,0.1133177489047243,0.11762406856001471
162.96296296296296,0.1433402988481093,0.1134500420594467,0.11763998415779806
163.00300300300302,0.1433003827553912,0.11358238188491504,0.11765581469691504
163.04304304304304,0.14326057407111528,0.1137147674381615,0.11767156000111859
163.0830830830831,0.14322087343349538,0.11384719777589282,0.11768721989511066
163.12312312312312,0.14318128147901327,0.11397967195449621,0.11770279420454403
163.16316316316318,0.14314179884240813,0.11411218903004694,0.1177182827560244
163.2032032032032,0.14310242615666674,0.11424474805831421,0.11773368537711218
163.24324324324326,0.14306316405301295,0.11437734809476865,0.11774900189632453
163.28328328328328,0.1430240131608979,0.11450998819458838,0.11776423214313715
163.32332332332334,0.14298497410798974,0.11464266741266635,0.1177793759479863
163.36336336336336,0.14294604752016363,0.11477538480361647,0.11779443314227059
163.40340340340342,0.1429072340214916,0.114908139421781,0.1178094035583529
163.44344344344344,0.14286853423423274,0.11504093032123658,0.11782428702956227
163.4834834834835,0.14282994877882302,0.11517375655580168,0.11783908339019572
163.52352352352352,0.14279147827386557,0.11530661717904267,0.11785379247552005
163.56356356356358,0.14275312333612047,0.1154395112442812,0.11786841412177385
163.6036036036036,0.14271488458049517,0.11557243780460032,0.11788294816616902
163.64364364364366,0.14267676262003434,0.11570539591285187,0.11789739444689296
163.68368368368368,0.14263875806591036,0.11583838462166254,0.11791175280311
163.72372372372374,0.1426008715274132,0.11597140298344139,0.1179260230749635
163.76376376376376,0.14256310361194086,0.11610445005038576,0.1179402051035774
163.80380380380382,0.1425254549249896,0.11623752487448896,0.11795429873105816
163.84384384384384,0.14248792607014413,0.11637062650754587,0.11796830380049636
163.8838838838839,0.14245051764906802,0.11650375400116095,0.11798222015596858
163.92392392392392,0.14241323026149416,0.116636906406754,0.1179960476425391
163.96396396396398,0.14237606450521487,0.11677008277556764,0.11800978610626157
164.004004004004,0.14233902097607262,0.11690328215867338,0.11802343539418078
164.04404404404406,0.14230210026795015,0.11703650360697912,0.11803699535433435
164.08408408408408,0.14226530297276135,0.11716974617123517,0.11805046583575438
164.12412412412414,0.14222862968044134,0.11730300890204175,0.11806384668846923
164.16416416416416,0.1421920809789374,0.11743629084985499,0.11807713776350508
164.20420420420422,0.14215565745419925,0.11756959106499452,0.11809033891288767
164.24424424424424,0.14211935969016978,0.1177029085976494,0.11810344998964388
164.2842842842843,0.14208318826877575,0.11783624249788564,0.11811647084780345
164.32432432432432,0.14204714376991834,0.11796959181565232,0.1181294013424005
164.36436436436438,0.1420112267714639,0.118102955600789,0.11814224132947525
164.4044044044044,0.14197543784923475,0.11823633290303177,0.11815499066607552
164.44444444444446,0.1419397775769998,0.1183697227720208,0.11816764921025841
164.48448448448448,0.14190424652646552,0.11850312425730634,0.11818021682109184
164.52452452452454,0.14186884526726662,0.11863653640835625,0.11819269335865613
164.56456456456456,0.14183357436695707,0.118769958274562,0.11820507868404552
164.60460460460462,0.14179843439100087,0.11890338890524621,0.11821737265936978
164.64464464464464,0.14176342590276303,0.11903682734966871,0.1182295751477557
164.6846846846847,0.14172854946350055,0.11917027265703399,0.11824168601334864
164.72472472472472,0.14169380563235354,0.11930372387649729,0.118253705121314
164.76476476476478,0.1416591949663359,0.11943718005717209,0.11826563233783878
164.8048048048048,0.1416247180203268,0.11957064024813613,0.118277467530133
164.84484484484486,0.14159037534706156,0.11970410349843896,0.1182892105664313
164.88488488488488,0.14155616749712285,0.11983756885710799,0.11830086131599421
164.92492492492494,0.14152209501893181,0.11997103537315593,0.11831241964910982
164.96496496496496,0.14148815845873933,0.12010450209558687,0.1183238854370951
165.00500500500502,0.14145435836061723,0.12023796807340396,0.11833525855229732
165.04504504504504,0.14142069526644963,0.12037143235561494,0.11834653886809553
165.0850850850851,0.14138716971592405,0.12050489399124031,0.11835772625890197
165.12512512512512,0.14135378224652312,0.12063835202931895,0.11836882060016342
165.16516516516518,0.14132053339351555,0.12077180551891575,0.11837982176836265
165.2052052052052,0.14128742368994793,0.12090525350912765,0.11839072964101971
165.24524524524526,0.1412544536666358,0.12103869504909112,0.11840154409669337
165.28528528528528,0.1412216238521556,0.12117212918798827,0.11841226501498245
165.32532532532534,0.14118893477283562,0.12130555497505423,0.11842289227652714
165.36536536536536,0.14115638695274818,0.12143897145958336,0.11843342576301033
165.40540540540542,0.14112398091370076,0.12157237769093664,0.118443865357159
165.44544544544544,0.14109171717522784,0.12170577271854771,0.1184542109427454
165.4854854854855,0.1410595962545825,0.12183915559193043,0.11846446240458845
165.52552552552552,0.14102761866672825,0.12197252536068491,0.11847461962855498
165.56556556556558,0.14099578492433057,0.122105881074505,0.11848468250156097
165.6056056056056,0.14096409553774894,0.12223922178318429,0.11849465091157288
165.64564564564566,0.14093255101502838,0.12237254653662372,0.11850452474760886
165.68568568568568,0.14090115186189156,0.12250585438483746,0.11851430389973996
165.72572572572574,0.14086989858173055,0.12263914437796061,0.11852398825909143
165.76576576576576,0.14083879167559873,0.12277241556625505,0.11853357771784379
165.80580580580582,0.1408078316422029,0.12290566700011704,0.11854307216923421
165.84584584584584,0.1407770189778951,0.12303889773008322,0.11855247150755756
165.8858858858859,0.14074635417666476,0.12317210680683814,0.11856177562816769
165.92592592592592,0.14071583773013085,0.12330529328122028,0.11857098442747847
165.96596596596598,0.14068547012753382,0.12343845620422947,0.1185800978029651
166.006006006006,0.14065525185572791,0.12357159462703307,0.11858911565316509
166.04604604604606,0.14062518339917324,0.12370470760097332,0.1185980378776795
166.08608608608608,0.1405952652399281,0.12383779417757347,0.11860686437717405
166.12612612612614,0.14056549785764122,0.12397085340854518,0.11861559505338014
166.16616616616616,0.14053588172954407,0.12410388434579461,0.11862422980909607
166.20620620620622,0.14050641733044322,0.12423688604142999,0.11863276854818802
166.24624624624624,0.1404771051327127,0.12436985754776728,0.11864121117559115
166.2862862862863,0.1404479456062864,0.12450279791733815,0.11864955759731069
166.32632632632632,0.14041893921865067,0.1246357062028957,0.11865780772042296
166.36636636636638,0.14039008643483666,0.12476858145742199,0.1186659614530764
166.4064064064064,0.140361387717413,0.1249014227341341,0.11867401870449258
166.44644644644646,0.14033284352647826,0.12503422908649153,0.11868197938496727
166.48648648648648,0.14030445431965372,0.12516699956820232,0.11868984340587135
166.52652652652654,0.14027622055207584,0.12529973323323043,0.11869761067965191
166.56656656656656,0.14024814267638916,0.1254324291358018,0.11870528111983308
166.60660660660662,0.14022022114273897,0.12556508633041177,0.11871285464101716
166.64664664664664,0.140192456398764,0.1256977038718312,0.11872033115888542
166.6866866866867,0.1401648488895893,0.1258302808151138,0.11872771059019911
166.72672672672672,0.14013739905781933,0.1259628162156022,0.1187349928528004
166.76676676676678,0.1401101073435304,0.12609530912893538,0.11874217786561328
166.8068068068068,0.1400829741842641,0.12622775861105476,0.11874926554864441
166.84684684684686,0.14005600001501992,0.12636016371821152,0.11875625582298412
166.88688688688688,0.14002918526824845,0.12649252350697265,0.11876314861080717
166.92692692692694,0.1400025303738444,0.12662483703422853,0.11876994383537373
166.96696696696696,0.13997603575913983,0.12675710335719864,0.1187766414210301
167.00700700700702,0.13994970184889707,0.12688932153343932,0.1187832412932097
167.04704704704704,0.13992352906530203,0.12702149062084953,0.1187897433784338
167.0870870870871,0.1398975178279575,0.12715360967767836,0.11879614760431237
167.12712712712712,0.13987166855387637,0.12728567776253108,0.11880245389954486
167.16716716716718,0.1398459816574748,0.12741769393437646,0.11880866219392106
167.2072072072072,0.1398204575505659,0.12754965725255282,0.1188147724183218
167.24724724724726,0.13979509664235276,0.12768156677677547,0.11882078450471979
167.28728728728728,0.13976989933942216,0.12781342156714262,0.11882669838618032
167.32732732732734,0.13974486604573794,0.12794522068414288,0.11883251399686204
167.36736736736736,0.13971999716263453,0.12807696318866116,0.11883823127201767
167.40740740740742,0.13969529308881054,0.12820864814198618,0.11884385014799478
167.44744744744744,0.13967075422032232,0.1283402746058162,0.1188493705622364
167.4874874874875,0.13964638095057763,0.12847184164226677,0.1188547924532818
167.52752752752752,0.13962217367032945,0.1286033483138765,0.11886011576076713
167.56756756756758,0.13959813276766947,0.12873479368361437,0.11886534042542611
167.6076076076076,0.13957425862802214,0.12886617681488596,0.11887046638909068
167.64764764764766,0.13955055163413826,0.12899749677154054,0.11887549359469168
167.68768768768768,0.13952701216608904,0.12912875261787723,0.11888042198625942
167.72772772772774,0.1395036406012598,0.1292599434186523,0.11888525150892437
167.76776776776777,0.13948043731434415,0.12939106823908514,0.11888998210891773
167.80780780780782,0.13945740267733775,0.12952212614486566,0.11889461373357203
167.84784784784785,0.13943453705953257,0.1296531162021601,0.11889914633132176
167.8878878878879,0.1394118408275107,0.12978403747761866,0.1189035798517039
167.92792792792793,0.13938931434513888,0.12991488903838114,0.11890791424535846
167.96796796796798,0.13936695797356216,0.13004566995208447,0.11891214946402912
168.008008008008,0.13934477207119855,0.13017637928686868,0.11891628546056365
168.04804804804806,0.13932275699373298,0.1303070161113841,0.11892032218891457
168.08808808808809,0.1393009130941118,0.1304375794947974,0.1189242596041395
168.12812812812814,0.13927924072253697,0.13056806850679886,0.11892809766240184
168.16816816816817,0.13925774022646054,0.1306984822176084,0.11893183632097107
168.20820820820822,0.13923641195057904,0.13082881969798282,0.1189354755382234
168.24824824824825,0.13921525623682796,0.13095908001922166,0.11893901527364212
168.2882882882883,0.1391942734243762,0.1310892622531747,0.1189424554878181
168.32832832832833,0.13917346384962087,0.13121936547224772,0.1189457961424502
168.36836836836838,0.13915282784618152,0.13134938874940982,0.11894903720034572
168.4084084084084,0.1391323657448952,0.13147933115819946,0.11895217862542083
168.44844844844846,0.13911207787381083,0.1316091917727316,0.1189552203827009
168.48848848848849,0.13909196455818412,0.13173896966770363,0.11895816243832097
168.52852852852854,0.13907202612047223,0.1318686639184028,0.11896100475952609
168.56856856856857,0.13905226288032876,0.13199827360071192,0.11896374731467169
168.60860860860862,0.1390326751545985,0.13212779779111683,0.1189663900732239
168.64864864864865,0.1390132632573124,0.13225723556671196,0.11896893300575999
168.6886886886887,0.13899402749968248,0.13238658600520803,0.11897137608396854
168.72872872872873,0.13897496819009697,0.13251584818493767,0.11897371928064993
168.76876876876878,0.13895608563411516,0.13264502118486274,0.11897596256971649
168.8088088088088,0.13893738013446277,0.13277410408458012,0.11897810592619289
168.84884884884886,0.1389188519910268,0.13290309596432914,0.11898014932621638
168.88888888888889,0.13890050150085098,0.13303199590499726,0.11898209274703705
168.92892892892894,0.13888232895813085,0.13316080298812738,0.11898393616701813
168.96896896896897,0.1388643346542091,0.13328951629592375,0.11898567956563615
169.00900900900902,0.13884651887757088,0.1334181349112591,0.11898732292348123
169.04904904904905,0.1388288819138392,0.13354665791768053,0.11898886622225727
169.0890890890891,0.13881142404577035,0.13367508439941675,0.1189903094447822
169.12912912912913,0.13879414555324932,0.1338034134413839,0.1189916525749881
169.16916916916918,0.13877704671328533,0.1339316441291928,0.11899289559792142
169.2092092092092,0.13876012780000752,0.13405977554915466,0.11899403849974313
169.24924924924926,0.13874338908466025,0.13418780678828834,0.11899508126772892
169.2892892892893,0.13872683083559914,0.13431573693432625,0.11899602389026928
169.32932932932934,0.13871045331828646,0.13444356507572144,0.11899686635686965
169.36936936936937,0.138694256795287,0.13457129030165343,0.11899760865815054
169.40940940940942,0.13867824152626382,0.13469891170203538,0.11899825078584766
169.44944944944945,0.13866240776797417,0.13482642836751993,0.11899879273281197
169.4894894894895,0.13864675577426525,0.1349538393895063,0.11899923449300977
169.52952952952953,0.1386312857960703,0.13508114386014616,0.1189995760615228
169.56956956956958,0.13861599808140437,0.1352083408723507,0.11899981743454825
169.6096096096096,0.13860089287536054,0.13533542951979646,0.11899995860939884
169.64964964964966,0.13858597042010587,0.13546240889693248,0.1189999995845028
169.6896896896897,0.13857123095487753,0.13558927809898597,0.11899994035940395
169.72972972972974,0.13855667471597904,0.13571603622196962,0.11899978093476166
169.76976976976977,0.13854230193677647,0.13584268236268718,0.11899952131235086
169.80980980980982,0.1385281128476945,0.13596921561874079,0.11899916149506204
169.84984984984985,0.13851410767621303,0.1360956350885363,0.11899870148690114
169.8898898898899,0.13850028664686334,0.13622193987129097,0.11899814129298963
169.92992992992993,0.13848664998122454,0.13634812906703875,0.11899748091956433
169.96996996996998,0.13847319789792,0.13647420177663755,0.1189967203739774
170.01001001001,0.1384599306126139,0.13660015710177503,0.1189958596646963
170.05005005005006,0.13844684833800774,0.13672599414497547,0.11899489880130357
170.0900900900901,0.13843395128383684,0.13685171200960566,0.11899383779449688
170.13013013013014,0.13842123965686712,0.13697730979988196,0.11899267665608876
170.17017017017017,0.13840871366089175,0.13710278662087588,0.11899141539900662
170.21021021021022,0.13839637349672784,0.13722814157852134,0.11899005403729247
170.25025025025025,0.1383842193622132,0.1373533737796201,0.11898859258610282
170.2902902902903,0.13837225145220325,0.13747848233184903,0.11898703106170855
170.33033033033033,0.13836046995856782,0.1376034663437657,0.11898536948149464
170.37037037037038,0.13834887507018817,0.13772832492481532,0.11898360786396008
170.4104104104104,0.13833746697295385,0.13785305718533666,0.11898174622871757
170.45045045045046,0.13832624584975978,0.13797766223656877,0.11897978459649337
170.4904904904905,0.13831521188050327,0.13810213919065684,0.11897772298912702
170.53053053053054,0.13830436524208123,0.13822648716065908,0.11897556142957114
170.57057057057057,0.1382937061083873,0.13835070526055251,0.11897329994189113
170.61061061061062,0.13828323465030892,0.13847479260523976,0.11897093855126495
170.65065065065065,0.13827295103572484,0.13859874831055488,0.1189684772839828
170.6906906906907,0.13826285542950223,0.13872257149327016,0.11896591616744684
170.73073073073073,0.13825294799349408,0.1388462612711019,0.11896325523017091
170.77077077077078,0.13824322888653673,0.1389698167627172,0.11896049450178015
170.8108108108108,0.13823369826444712,0.13909323708773974,0.11895763401301075
170.85085085085086,0.13822435628002047,0.1392165213667566,0.11895467379570954
170.8908908908909,0.13821520308302768,0.13933966872132397,0.11895161388283368
170.93093093093094,0.13820623882021307,0.1394626782739739,0.11894845430845027
170.97097097097097,0.13819746363529198,0.13958554914822008,0.11894519510773598
171.01101101101102,0.13818887766894833,0.1397082804685647,0.11894183631697665
171.05105105105105,0.13818048105883263,0.1398308713605038,0.11893837797356689
171.0910910910911,0.1381722739395595,0.13995332095053448,0.11893482011600968
171.13113113113113,0.13816425644270575,0.1400756283661604,0.11893116278391591
171.17117117117118,0.13815642869680805,0.1401977927358985,0.11892740601800396
171.2112112112112,0.13814879082736106,0.1403198131892847,0.11892354986009925
171.25125125125126,0.13814134295681532,0.1404416888568806,0.11891959435313375
171.2912912912913,0.13813408520457526,0.14056341887027923,0.11891553954114555
171.33133133133134,0.13812701768699737,0.1406850023621118,0.11891138546927828
171.37137137137137,0.1381201405173883,0.14080643846605306,0.11890713218378074
171.41141141141142,0.13811345380600298,0.14092772631682843,0.11890277973200625
171.45145145145145,0.13810695766004297,0.14104886505021927,0.11889832816241222
171.4914914914915,0.13810065218365464,0.14116985380306984,0.11889377752455954
171.53153153153153,0.13809453747792755,0.14129069171329273,0.11888912786911213
171.57157157157158,0.13808861364089287,0.1414113779198756,0.1188843792478362
171.6116116116116,0.13808288076752165,0.1415319115628868,0.11887953171359988
171.65165165165166,0.13807733894972352,0.14165229178348201,0.1188745853203725
171.6916916916917,0.138071988276345,0.14177251772390984,0.118869540123224
171.73173173173174,0.1380668288331683,0.1418925885275185,0.11886439617832435
171.77177177177177,0.13806186070290968,0.1420125033387612,0.11885915354294295
171.81181181181182,0.13805708396521837,0.14213226130320314,0.11885381227544792
171.85185185185185,0.13805249869667516,0.14225186156752662,0.11884837243530548
171.8918918918919,0.13804810497079117,0.14237130327953804,0.11884283408307933
171.93193193193193,0.13804390285800677,0.14249058558817318,0.11883719728042991
171.97197197197198,0.1380398924256903,0.14260970764350392,0.11883146209011372
172.012012012012,0.13803607373813717,0.14272866859674374,0.11882562857598274
172.05205205205206,0.13803244685656862,0.1428474676002543,0.11881969680298352
172.0920920920921,0.13802901183913097,0.1429661038075509,0.1188136668371566
172.13213213213214,0.13802576874089448,0.14308457637330918,0.11880753874563577
172.17217217217217,0.1380227176138526,0.14320288445337037,0.11880131259664722
172.21221221221222,0.13801985850692106,0.1433210272047482,0.11879498845950892
172.25225225225225,0.13801719146593713,0.14343900378563387,0.11878856640462972
172.2922922922923,0.13801471653365893,0.14355681335540313,0.11878204650350865
172.33233233233233,0.1380124337497646,0.1436744550746213,0.1187754288287341
172.37237237237238,0.1380103431508518,0.1437919281050501,0.11876871345398299
172.4124124124124,0.13800844477043708,0.14390923160965285,0.11876190045401999
172.45245245245246,0.13800673863895532,0.14402636475260117,0.11875498990469664
172.4924924924925,0.13800522478375926,0.14414332669928012,0.11874798188295058
172.53253253253254,0.1380039032291191,0.14426011661629506,0.11874087646680459
172.57257257257257,0.13800277399622196,0.14437673367147671,0.11873367373536581
172.61261261261262,0.13800183710317182,0.14449317703388787,0.11872637376882479
172.65265265265265,0.1380010925649889,0.1446094458738286,0.1187189766484547
172.6926926926927,0.13800054039360973,0.14472553936284283,0.11871148245661028
172.73273273273273,0.13800018059788666,0.1448414566737236,0.11870389127672708
172.77277277277278,0.138000013183588,0.14495719698051962,0.11869620319332037
172.8128128128128,0.13800003815339773,0.14507275945854045,0.11868841829198436
172.85285285285286,0.13800025550691553,0.1451881432843631,0.11868053665939109
172.8928928928929,0.13800066524065677,0.14530334763583724,0.11867255838328962
172.93293293293294,0.1380012673480526,0.14541837169209165,0.1186644835525049
172.97297297297297,0.13800206181945,0.14553321463353944,0.11865631225693696
173.01301301301302,0.13800304864211202,0.14564787564188456,0.11864804458755969
173.05305305305305,0.13800422780021784,0.14576235390012698,0.11863968063642003
173.0930930930931,0.13800559927486322,0.14587664859256916,0.11863122049663681
173.13313313313313,0.1380071630440606,0.14599075890482122,0.1186226642623998
173.17317317317318,0.13800891908273966,0.14610468402380727,0.11861401202896858
173.2132132132132,0.13801086736274742,0.1462184231377709,0.11860526389267158
173.25325325325326,0.13801300785284912,0.14633197543628107,0.1185964199509049
173.2932932932933,0.13801534051872832,0.14644534011023777,0.1185874803021313
173.33333333333334,0.13801786532298763,0.1465585163518781,0.11857844504587907
173.37337337337337,0.13802058222514937,0.14667150335478157,0.11856931428274095
173.41341341341342,0.13802349118165605,0.14678430031387638,0.11856008811437295
173.45345345345345,0.13802659214587124,0.14689690642544434,0.11855076664349333
173.4934934934935,0.13802988506808017,0.1470093208871277,0.11854134997388133
173.53353353353353,0.13803336989549064,0.1471215428979339,0.11853183821037609
173.57357357357358,0.1380370465722338,0.14723357165824183,0.11852223145887546
173.6136136136136,0.13804091503936508,0.14734540636980725,0.11851252982633483
173.65365365365366,0.13804497523486509,0.14745704623576877,0.11850273342076592
173.6936936936937,0.1380492270936407,0.1475684904606531,0.11849284235123564
173.73373373373374,0.13805367054752596,0.14767973825038117,0.11848285672786474
173.77377377377377,0.1380583055252833,0.1477907888122734,0.11847277666182678
173.81381381381382,0.13806313195260464,0.14790164135505574,0.11846260226534669
173.85385385385385,0.1380681497521126,0.1480122950888648,0.11845233365169966
173.8938938938939,0.13807335884336167,0.14812274922525412,0.11844197093520982
173.93393393393393,0.1380787591428395,0.1482330029771991,0.11843151423124901
173.97397397397398,0.13808435056396845,0.14834305555910332,0.1184209636562354
174.014014014014,0.13809013301710665,0.14845290618680337,0.11841031932763235
174.05405405405406,0.13809610640954964,0.14856255407757518,0.11839958136394693
174.0940940940941,0.13810227064553185,0.14867199845013895,0.11838874988472874
174.13413413413414,0.1381086256262281,0.14878123852466535,0.11837782501056847
174.17417417417417,0.13811517124975517,0.14889027352278036,0.11836680686309665
174.21421421421422,0.13812190741117342,0.1489991026675716,0.11835569556498225
174.25425425425425,0.13812883400248854,0.14910772518359314,0.11834449123993132
174.2942942942943,0.13813595091265327,0.14921614029687158,0.11833319401268558
174.33433433433433,0.13814325802756908,0.14932434723491111,0.11832180400902109
174.37437437437438,0.1381507552300881,0.14943234522669951,0.11831032135574683
174.4144144144144,0.138158442400015,0.14954013350271317,0.11829874618070328
174.45445445445446,0.1381663194141089,0.14964771129492288,0.11828707861276097
174.4944944944945,0.1381743861460852,0.14975507783679912,0.1182753187818191
174.53453453453454,0.13818264246661796,0.14986223236331772,0.11826346681880406
174.57457457457457,0.13819108824334153,0.14996917411096503,0.11825152285566798
174.61461461461462,0.13819972334085306,0.15007590231774381,0.11823948702538725
174.65465465465465,0.1382085476207144,0.1501824162231779,0.11822735946196106
174.6946946946947,0.1382175609414545,0.15028871506831865,0.1182151403004099
174.73473473473473,0.1382267631585715,0.15039479809574932,0.11820282967677406
174.77477477477478,0.13823615412453524,0.15050066454959135,0.11819042772811207
174.8148148148148,0.1382457336887895,0.150606313675509,0.11817793459249928
174.85485485485486,0.13825550169775447,0.15071174472071536,0.11816535040902619
174.8948948948949,0.13826545799482914,0.15081695693397715,0.11815267531779702
174.93493493493494,0.13827560242039394,0.1509219495656206,0.11813990945992808
174.97497497497497,0.13828593481181312,0.1510267218675363,0.1181270529775462
175.01501501501502,0.1382964550034375,0.15113127309318503,0.11811410601378719
175.05505505505505,0.13830716282660713,0.15123560249760246,0.1181010687127942
175.0950950950951,0.1383180581096539,0.1513397093374052,0.11808794121971615
175.13513513513513,0.13832914067790428,0.15144359287079542,0.11807472368070612
175.17517517517518,0.1383404103536823,0.15154725235756666,0.11806141624291967
175.2152152152152,0.1383518669563122,0.15165068705910859,0.11804801905451325
175.25525525525526,0.13836351030212146,0.15175389623841284,0.1180345322646425
175.2952952952953,0.1383753402044436,0.15185687916007773,0.11802095602346072
175.33533533533534,0.1383873564736213,0.15195963509031396,0.11800729048211697
175.37537537537537,0.13839955891700942,0.1520621632969494,0.11799353579275466
175.41541541541542,0.1384119473389781,0.1521644630494348,0.11797969210850962
175.45545545545545,0.1384245215409158,0.15226653361884837,0.1179657595835085
175.4954954954955,0.13843728132123262,0.15236837427790173,0.1179517383728671
175.53553553553553,0.13845022647536337,0.15246998430094433,0.11793762863268853
175.57557557557558,0.13846335679577101,0.15257136296396928,0.11792343052006156
175.6156156156156,0.13847667207194989,0.15267250954461797,0.11790914419305885
175.65565565565566,0.13849017209042916,0.15277342332218566,0.11789476981073516
175.6956956956957,0.13850385663477616,0.15287410357762618,0.11788030753312563
175.73573573573574,0.13851772548559993,0.1529745495935576,0.11786575752124392
175.77577577577577,0.1385317784205546,0.1530747606542667,0.11785111993708051
175.81581581581582,0.13854601521434326,0.15317473604571474,0.11783639494360085
175.85585585585585,0.13856043563872117,0.15327447505554176,0.11782158270474354
175.8958958958959,0.13857503946249974,0.15337397697307256,0.1178066833854185
175.93593593593593,0.13858982645155007,0.15347324108932098,0.11779169715150517
175.97597597597598,0.13860479636880677,0.15357226669699553,0.11777662416985063
176.016016016016,0.13861994897427168,0.1536710530905039,0.11776146460826778
176.05605605605606,0.1386352840250179,0.1537695995659586,0.11774621863553338
176.0960960960961,0.1386508012751934,0.15386790542118128,0.1177308864213863
176.13613613613614,0.1386665004760253,0.15396596995570838,0.11771546813652554
176.17617617617617,0.13868238137582353,0.15406379247079566,0.11769996395260839
176.21621621621622,0.1386984437199851,0.1541613722694235,0.1176843740422484
176.25625625625625,0.1387146872509981,0.1542587086563015,0.11766869857901363
176.2962962962963,0.13873111170844576,0.15435580093787393,0.11765293773742459
176.33633633633633,0.1387477168290108,0.15445264842232415,0.11763709169295238
176.37637637637638,0.13876450234647944,0.15454925041958,0.11762116062201661
176.4164164164164,0.13878146799174584,0.1546456062413183,0.11760514470198359
176.45645645645646,0.13879861349281633,0.1547417152009701,0.11758904411116428
176.4964964964965,0.13881593857481375,0.15483757661372533,0.11757285902881227
176.53653653653654,0.13883344295998196,0.1549331897965379,0.11755658963512186
176.57657657657657,0.13885112636769015,0.1550285540681303,0.11754023611122602
176.61661661661662,0.13886898851443746,0.15512366874899874,0.11752379863919435
176.65665665665665,0.13888702911385753,0.1552185331614177,0.11750727740203108
176.6966966966967,0.13890524787672295,0.15531314662944512,0.11749067258367304
176.73673673673673,0.13892364451095002,0.15540750847892673,0.1174739843689876
176.77677677677679,0.13894221872160342,0.15550161803750145,0.11745721294377055
176.8168168168168,0.13896097021090092,0.15559547463460552,0.11744035849474421
176.85685685685687,0.13897989867821814,0.15568907760147796,0.11742342120955514
176.8968968968969,0.1389990038200934,0.15578242627116468,0.11740640127677217
176.93693693693695,0.13901828533023253,0.15587551997852378,0.11738929888588426
176.97697697697697,0.13903774289951382,0.15596835806022993,0.11737211422729846
177.01701701701703,0.13905737621599307,0.15606093985477937,0.11735484749233767
177.05705705705705,0.13907718496490837,0.1561532647024942,0.11733749887323862
177.0970970970971,0.13909716882868536,0.1562453319455276,0.11732006856314967
177.13713713713713,0.13911732748694222,0.15633714092786816,0.11730255675612865
177.17717717717719,0.13913766061649477,0.1564286909953448,0.11728496364714078
177.2172172172172,0.13915816789136173,0.15651998149563107,0.11726728943205639
177.25725725725727,0.13917884898276997,0.1566110117782503,0.11724953430764881
177.2972972972973,0.13919970355915962,0.1567017811945797,0.1172316984715922
177.33733733733735,0.13922073128618961,0.1567922890978555,0.11721378212245925
177.37737737737737,0.1392419318267428,0.15688253484317702,0.11719578545971909
177.41741741741743,0.1392633048409316,0.15697251778751184,0.11717770868373494
177.45745745745745,0.1392848499861033,0.1570622372896998,0.11715955199576202
177.4974974974975,0.1393065669168455,0.15715169271045817,0.11714131559794518
177.53753753753753,0.13932845528499185,0.15724088341238557,0.11712299969331676
177.57757757757759,0.13935051473962742,0.1573298087599671,0.11710460448579424
177.6176176176176,0.13937274492709442,0.1574184681195784,0.11708613018017805
177.65765765765767,0.13939514549099793,0.1575068608594906,0.11706757698214917
177.6976976976977,0.13941771607221148,0.1575949863498743,0.11704894509826702
177.73773773773775,0.13944045630888294,0.15768284396280458,0.11703023473596694
177.77777777777777,0.1394633658364402,0.15777043307226507,0.11701144610355813
177.81781781781783,0.13948644428759713,0.15785775305415284,0.11699257941022106
177.85785785785785,0.13950969129235935,0.15794480328628221,0.11697363486600543
177.8978978978979,0.13953310647803036,0.15803158314838994,0.11695461268182754
177.93793793793793,0.13955668946921715,0.15811809202213897,0.11693551306946816
177.977977977978,0.13958043988783664,0.15820432929112338,0.11691633624157008
178.018018018018,0.1396043573531215,0.15829029434087227,0.11689708241163578
178.05805805805807,0.13962844148162626,0.15837598655885468,0.116877751794025
178.0980980980981,0.1396526918872335,0.15846140533448336,0.11685834460395239
178.13813813813815,0.13967710818116016,0.15854655005911977,0.1168388610574851
178.17817817817817,0.1397016899719635,0.15863142012607773,0.11681930137154044
178.21821821821823,0.13972643686554762,0.15871601493062848,0.11679966576388329
178.25825825825825,0.13975134846516962,0.1588003338700042,0.11677995445312395
178.2982982982983,0.13977642437144613,0.15888437634340297,0.11676016765871541
178.33833833833833,0.1398016641823595,0.15896814175199267,0.11674030560095115
178.3783783783784,0.13982706749326448,0.1590516294989155,0.11672036850096248
178.4184184184184,0.13985263389689445,0.1591348389892919,0.1167003565807163
178.45845845845847,0.13987836298336817,0.15921776963022521,0.1166802700630124
178.4984984984985,0.1399042543401962,0.1593004208308054,0.11666010917148117
178.53853853853855,0.1399303075522877,0.15938279200211383,0.116639874130581
178.57857857857857,0.1399565222019568,0.15946488255722693,0.1166195651655958
178.61861861861863,0.13998289786892956,0.15954669191122084,0.11659918250263251
178.65865865865865,0.1400094341303506,0.15962821948117514,0.1165787263686186
178.6986986986987,0.1400361305607899,0.15970946468617742,0.11655819699129948
178.73873873873873,0.14006298673224948,0.15979042694732698,0.11653759459923603
178.7787787787788,0.1400900022141706,0.1598711056877395,0.11651691942180203
178.8188188188188,0.14011717657344022,0.1599515003325505,0.11649617168918161
178.85885885885887,0.1401445093743984,0.16003161030892016,0.11647535163236665
178.8988988988989,0.14017200017884485,0.16011143504603664,0.11645445948315426
178.93893893893895,0.14019964854604633,0.16019097397512086,0.1164334954741442
178.97897897897897,0.14022745403274342,0.16027022652942993,0.11641245983873624
179.01901901901903,0.14025541619315787,0.1603491921442618,0.11639135281112761
179.05905905905905,0.14028353457899953,0.1604278702569586,0.11637017462631037
179.0990990990991,0.14031180873947377,0.16050626030691134,0.11634892552006881
179.13913913913913,0.1403402382212884,0.1605843617355634,0.1163276057289768
179.1791791791792,0.1403688225686613,0.16066217398641472,0.11630621549039513
179.2192192192192,0.14039756132332734,0.16073969650502573,0.11628475504246902
179.25925925925927,0.14042645402454615,0.16081692873902137,0.11626322462412524
179.2992992992993,0.1404555002091091,0.1608938701380948,0.11624162447506962
179.33933933933935,0.14048469941134703,0.16097052015401175,0.11621995483578432
179.37937937937937,0.14051405116313753,0.16104687824061384,0.11619821594752515
179.41941941941943,0.14054355499391252,0.1611229438538231,0.1161764080523189
179.45945945945945,0.1405732104306658,0.16119871645164516,0.11615453139296064
179.4994994994995,0.1406030169979607,0.16127419549417388,0.11613258621301102
179.53953953953953,0.14063297421793744,0.16134938044359454,0.11611057275679357
179.5795795795796,0.14066308161032112,0.16142427076418808,0.1160884912693919
179.6196196196196,0.14069333869242917,0.16149886592233467,0.11606634199664712
179.65965965965967,0.14072374497917933,0.16157316538651775,0.11604412518515493
179.6996996996997,0.1407542999830971,0.16164716862732748,0.11602184108226306
179.73973973973975,0.14078500321432394,0.16172087511746497,0.11599948993606833
179.77977977977977,0.14081585418062476,0.1617942843317455,0.11597707199541404
179.81981981981983,0.14084685238739605,0.1618673957471028,0.1159545875098871
179.85985985985985,0.14087799733767378,0.16194020884259236,0.11593203672981532
179.8998998998999,0.14090928853214127,0.1620127230993954,0.11590941990626454
179.93993993993993,0.1409407254691372,0.16208493800082235,0.11588673729103595
179.97997997998,0.1409723076446638,0.16215685303231683,0.11586398913666315
180.02002002002,0.1410040345523948,0.16222846768145893,0.11584117569640949
180.06006006006007,0.14103590568368357,0.1622997814379693,0.11581829722426511
180.1001001001001,0.14106792052757122,0.1623707937937123,0.1157953539749442
180.14014014014015,0.141100078570795,0.16244150424270012,0.1157723462038821
180.18018018018017,0.14113237929779626,0.16251191228109593,0.11574927416723259
180.22022022022023,0.1411648221907289,0.1625820174072179,0.11572613812186483
180.26026026026025,0.1411974067294676,0.1626518191215423,0.11570293832536066
180.3003003003003,0.1412301323916162,0.16272131692670755,0.11567967503601169
180.34034034034033,0.1412629986525159,0.1627905103275174,0.11565634851281642
180.3803803803804,0.14129600498525405,0.16285939883094463,0.11563295901547732
180.4204204204204,0.14132915086067216,0.16292798194613448,0.11560950680439804
180.46046046046047,0.14136243574737475,0.16299625918440827,0.11558599214068035
180.5005005005005,0.14139585911173758,0.16306423005926668,0.11556241528612145
180.54054054054055,0.1414294204179164,0.1631318940863935,0.11553877650321079
180.58058058058057,0.1414631191278554,0.1631992507836587,0.11551507605512742
180.62062062062063,0.141496954701296,0.16326629967112238,0.11549131420573684
180.66066066066065,0.14153092659578542,0.1633330402710375,0.11546749121958823
180.7007007007007,0.14156503426668535,0.1633994721078541,0.11544360736191132
180.74074074074073,0.14159927716718063,0.1634655947082219,0.11541966289861369
180.7807807807808,0.14163365474828823,0.1635314076009943,0.11539565809627751
180.8208208208208,0.1416681664588658,0.16359691031723128,0.11537159322215684
180.86086086086087,0.14170281174562074,0.16366210239020318,0.11534746854417448
180.9009009009009,0.1417375900531188,0.16372698335539346,0.11532328433091908
180.94094094094095,0.14177250082379336,0.16379155275050264,0.11529904085164211
180.98098098098097,0.14180754349795388,0.16385581011545108,0.11527473837625486
181.02102102102103,0.14184271751379532,0.16391975499238257,0.11525037717532544
181.06106106106105,0.14187802230740695,0.16398338692566738,0.11522595752007579
181.1011011011011,0.14191345731278138,0.1640467054619058,0.11520147968237861
181.14114114114113,0.1419490219618236,0.16410971014993098,0.11517694393475444
181.1811811811812,0.1419847156843603,0.1641724005408125,0.11515235055036846
181.2212212212212,0.14202053790814867,0.16423477618785928,0.11512769980302762
181.26126126126127,0.14205648805888593,0.16429683664662303,0.11510299196717744
181.3013013013013,0.1420925655602183,0.1643585814749012,0.11507822731789907
181.34134134134135,0.1421287698337503,0.1644200102327403,0.11505340613090617
181.38138138138137,0.14216510029905402,0.16448112248243882,0.1150285286825419
181.42142142142143,0.14220155637367854,0.16454191778855065,0.11500359524977573
181.46146146146145,0.14223813747315903,0.16460239571788784,0.11497860611020044
181.5015015015015,0.14227484301102641,0.16466255583952405,0.11495356154202904
181.54154154154153,0.14231167239881645,0.16472239772479724,0.11492846182409165
181.5815815815816,0.1423486250460795,0.16478192094731306,0.11490330723583234
181.6216216216216,0.14238570036038964,0.16484112508294763,0.11487809805730613
181.66166166166167,0.1424228977473545,0.1649000097098508,0.11485283456917578
181.7017017017017,0.14246021661062455,0.1649585744084489,0.11482751705270872
181.74174174174175,0.14249765635190284,0.16501681876144805,0.11480214578977385
181.78178178178177,0.14253521637095434,0.16507474235383668,0.11477672106283854
181.82182182182183,0.1425728960656159,0.16513234477288902,0.11475124315496525
181.86186186186185,0.14261069483180563,0.1651896256081675,0.1147257123498087
181.9019019019019,0.14264861206353274,0.1652465844515262,0.1147001289316124
181.94194194194193,0.14268664715290708,0.16530322089711336,0.11467449318520566
181.981981981982,0.14272479949014918,0.16535953454137448,0.11464880539600036
182.022022022022,0.14276306846359965,0.16541552498305506,0.11462306584998787
182.06206206206207,0.1428014534597294,0.1654711918232037,0.11459727483373566
182.1021021021021,0.14283995386314904,0.16552653466517447,0.11457143263438438
182.14214214214215,0.14287856905661916,0.1655815531146304,0.11454553953964437
182.18218218218217,0.1429172984210599,0.16563624677954564,0.11451959583779275
182.22222222222223,0.14295614133556106,0.16569061527020876,0.11449360181766995
182.26226226226225,0.14299509717739203,0.1657446581992251,0.11446755776867668
182.3023023023023,0.1430341653220117,0.16579837518151994,0.1144414639807706
182.34234234234233,0.14307334514307854,0.16585176583434086,0.11441532074446317
182.3823823823824,0.1431126360124606,0.16590482977726087,0.11438912835081635
182.42242242242241,0.14315203730024562,0.16595756663218067,0.11436288709143942
182.46246246246247,0.14319154837475112,0.16600997602333178,0.11433659725848562
182.5025025025025,0.1432311686025345,0.16606205757727882,0.11431025914464908
182.54254254254255,0.14327089734840318,0.16611381092292254,0.11428387304316136
182.58258258258257,0.14331073397542485,0.16616523569150218,0.11425743924778836
182.62262262262263,0.14335067784493769,0.1662163315165983,0.11423095805282694
182.66266266266265,0.14339072831656047,0.1662670980341351,0.1142044297531017
182.7027027027027,0.143430884748203,0.16631753488238354,0.11417785464396163
182.74274274274273,0.14347114649607629,0.16636764170196322,0.1141512330212769
182.7827827827828,0.14351151291470293,0.16641741813584565,0.11412456518143549
182.82282282282281,0.14355198335692737,0.16646686382935616,0.11409785142134002
182.86286286286287,0.14359255717392647,0.16651597843017693,0.11407109203840426
182.9029029029029,0.14363323371521966,0.16656476158834918,0.11404428733055001
182.94294294294295,0.1436740123286796,0.16661321295627587,0.11401743759620357
182.98298298298297,0.14371489236054244,0.16666133218872392,0.11399054313429263
183.02302302302303,0.14375587315541838,0.16670911894282708,0.11396360424424282
183.06306306306305,0.1437969540563023,0.16675657287808784,0.11393662122597441
183.1031031031031,0.1438381344045841,0.16680369365638037,0.11390959437989893
183.14314314314313,0.14387941354005926,0.16685048094195254,0.11388252400691594
183.1831831831832,0.14392079080093967,0.1668969344014286,0.1138554104084095
183.22322322322321,0.1439622655238639,0.16694305370381132,0.113828253886245
183.26326326326327,0.14400383704390818,0.16698883852048457,0.11380105474276564
183.3033033033033,0.1440455046945967,0.16703428852521543,0.11377381328078923
183.34334334334335,0.14408726780791264,0.16707940339415675,0.11374652980360463
183.38338338338338,0.1441291257143086,0.16712418280584918,0.11371920461496854
183.42342342342343,0.14417107774271756,0.16716862644122382,0.113691838019102
183.46346346346346,0.14421312322056346,0.16721273398360414,0.11366443032068711
183.5035035035035,0.14425526147377207,0.16725650511870846,0.1136369818248635
183.54354354354354,0.1442974918267818,0.16729993953465205,0.11360949283722509
183.5835835835836,0.14433981360255455,0.16734303692194957,0.11358196366381657
183.62362362362362,0.1443822261225864,0.16738579697351694,0.11355439461113004
183.66366366366367,0.14442472870691878,0.16742821938467387,0.11352678598610157
183.7037037037037,0.14446732067414902,0.16747030385314576,0.11349913809610784
183.74374374374375,0.1445100013414417,0.1675120500790661,0.11347145124896263
183.78378378378378,0.1445527700245391,0.16755345776497832,0.11344372575291353
183.82382382382383,0.14459562603777262,0.16759452661583818,0.11341596191663834
183.86386386386386,0.1446385686940735,0.16763525633901571,0.11338816004924175
183.9039039039039,0.14468159730498398,0.1676756466442974,0.11336032046025185
183.94394394394394,0.14472471118066813,0.1677156972438881,0.11333244345961671
183.983983983984,0.1447679096299232,0.16775540785241333,0.11330452935770088
184.02402402402402,0.1448111919601905,0.167794778186921,0.11327657846528208
184.06406406406407,0.14485455747756656,0.1678338079668838,0.1132485910935475
184.1041041041041,0.14489800548681422,0.16787249691420073,0.11322056755409053
184.14414414414415,0.1449415352913739,0.1679108447531996,0.11319250815890723
184.18418418418418,0.14498514619337452,0.16794885121063852,0.11316441322039286
184.22422422422423,0.145028837493645,0.16798651601570824,0.11313628305133834
184.26426426426426,0.14507260849172524,0.16802383890003375,0.11310811796492691
184.3043043043043,0.14511645848587745,0.1680608195976765,0.1130799182747305
184.34434434434434,0.14516038677309734,0.16809745784513597,0.11305168429470631
184.3843843843844,0.14520439264912544,0.1681337533813519,0.1130234163391933
184.42442442442442,0.14524847540845834,0.1681697059477058,0.11299511472290871
184.46446446446447,0.14529263434436016,0.16820531528802307,0.11296677976094448
184.5045045045045,0.14533686874887353,0.16824058114857465,0.11293841176876387
184.54454454454455,0.1453811779128314,0.168275503278079,0.11291001106219785
184.58458458458458,0.14542556112586802,0.1683100814277036,0.11288157795744161
184.62462462462463,0.14547001767643056,0.16834431535106711,0.112853112771051
184.66466466466466,0.1455145468517904,0.16837820480424076,0.11282461581993915
184.7047047047047,0.1455591479380547,0.1684117495457504,0.11279608742137269
184.74474474474474,0.1456038202201775,0.16844494933657786,0.11276752789296852
184.7847847847848,0.14564856298197174,0.16847780394016315,0.11273893755269002
184.82482482482482,0.14569337550612013,0.16851031312240555,0.11271031671884364
184.86486486486487,0.14573825707418722,0.16854247665166588,0.11268166571007532
184.9049049049049,0.1457832069666304,0.16857429429876764,0.11265298484536695
184.94494494494495,0.1458282244628119,0.168605765836999,0.11262427444403281
184.98498498498498,0.1458733088410099,0.16863689104211416,0.11259553482571606
185.02502502502503,0.14591845937843057,0.16866766969233515,0.11256676631038508
185.06506506506506,0.1459636753512192,0.1686981015683533,0.11253796921833004
185.1051051051051,0.1460089560344722,0.16872818645333088,0.11250914387015917
185.14514514514514,0.14605430070224834,0.16875792413290241,0.11248029058679541
185.1851851851852,0.14609970862758082,0.16878731439517666,0.11245140968947259
185.22522522522522,0.14614517908248845,0.16881635703073758,0.11242250149973208
185.26526526526527,0.14619071133798778,0.1688450518326463,0.11239356633941903
185.3053053053053,0.14623630466410442,0.16887339859644224,0.11236460453067891
185.34534534534535,0.146281958329885,0.16890139712014485,0.11233561639595384
185.38538538538538,0.14632767160340865,0.16892904720425472,0.11230660225797907
185.42542542542543,0.146373443751799,0.16895634865175546,0.11227756243977931
185.46546546546546,0.14641927404123578,0.16898330126811456,0.11224849726466525
185.5055055055055,0.14646516173696658,0.16900990486128523,0.11221940705622979
185.54554554554554,0.14651110610331852,0.1690361592417075,0.11219029213834465
185.5855855855856,0.14655710640371045,0.16906206422230982,0.11216115283515654
185.62562562562562,0.1466031619006642,0.16908761961851002,0.11213198947108373
185.66566566566567,0.14664927185581692,0.169112825248217,0.1121028023708123
185.7057057057057,0.14669543552993247,0.1691376809318318,0.1120735918592927
185.74574574574575,0.1467416521829137,0.16916218649224893,0.11204435826173595
185.78578578578578,0.14678792107381392,0.16918634175485772,0.1120151019036101
185.82582582582583,0.14683424146084906,0.16921014654754346,0.1119858231106366
185.86586586586586,0.14688061260140947,0.16923360070068866,0.1119565222087867
185.9059059059059,0.1469270337520718,0.16925670404717424,0.11192719952427777
185.94594594594594,0.14697350416861085,0.1692794564223808,0.11189785538356972
185.985985985986,0.14702002310601175,0.16930185766418962,0.11186849011336134
186.02602602602602,0.14706658981848159,0.16932390761298405,0.11183910404058663
186.06606606606607,0.14711320355946167,0.1693456061116505,0.1118096974924112
186.1061061061061,0.14715986358163913,0.1693669530055795,0.11178027079622865
186.14614614614615,0.1472065691369594,0.169387948142667,0.11175082427965685
186.18618618618618,0.14725331947663764,0.16940859137331526,0.11172135827053442
186.22622622622623,0.1473001138511712,0.16942888255043406,0.11169187309691687
186.26626626626626,0.14734695151035146,0.16944882152944163,0.11166236908707321
186.3063063063063,0.14739383170327583,0.16946840816826575,0.11163284656948204
186.34634634634634,0.14744075367835974,0.16948764232734476,0.11160330587282812
186.3863863863864,0.1474877166833489,0.16950652386962853,0.11157374732599849
186.42642642642642,0.1475347199653311,0.16952505266057946,0.11154417125807906
186.46646646646647,0.14758176277074855,0.16954322856817344,0.11151457799835068
186.5065065065065,0.14762884434540965,0.16956105146290074,0.11148496787628569
186.54654654654655,0.14767596393450141,0.16957852121776698,0.1114553412215441
186.58658658658658,0.14772312078260127,0.16959563770829406,0.11142569836397007
186.62662662662663,0.14777031413368943,0.16961240081252096,0.111396039633588
186.66666666666666,0.14781754323116078,0.1696288104110047,0.11136636536059921
186.7067067067067,0.14786480731783724,0.16964486638682114,0.1113366758753779
186.74674674674674,0.14791210563597965,0.16966056862556578,0.11130697150846772
186.7867867867868,0.14795943742730017,0.16967591701535475,0.11127725259057794
186.82682682682682,0.1480068019329742,0.16969091144682535,0.1112475194525799
186.86686686686687,0.14805419839365278,0.169705551813137,0.11121777242550315
186.9069069069069,0.1481016260494745,0.16971983800997195,0.11118801184053204
186.94694694694695,0.14814908414007802,0.16973376993553607,0.1111582380290017
186.98698698698698,0.1481965719046139,0.16974734749055947,0.11112845132239463
187.02702702702703,0.14824408858175706,0.16976057057829738,0.11109865205233681
187.06706706706706,0.14829163340971885,0.16977343910453058,0.11106884055059417
187.1071071071071,0.14833920562625938,0.16978595297756635,0.11103901714906873
187.14714714714714,0.14838680446869953,0.16979811210823897,0.11100918217979512
187.1871871871872,0.14843442917393346,0.16980991640991033,0.11097933597493663
187.22722722722722,0.14848207897844054,0.1698213657984707,0.11094947886678172
187.26726726726727,0.14852975311829794,0.16983246019233916,0.11091961118774021
187.3073073073073,0.14857745082919246,0.16984319951246424,0.11088973327033962
187.34734734734735,0.14862517134643324,0.16985358368232453,0.11085984544722141
187.38738738738738,0.1486729139049636,0.16986361262792918,0.11082994805113744
187.42742742742743,0.14872067773937359,0.16987328627781845,0.11080004141494602
187.46746746746746,0.14876846208391212,0.16988260456306417,0.11077012587160844
187.5075075075075,0.1488162661724994,0.16989156741727032,0.11074020175418503
187.54754754754754,0.14886408923873892,0.16990017477657343,0.11071026939583173
187.5875875875876,0.14891193051593005,0.169908426579643,0.11068032912979608
187.62762762762762,0.1489597892370801,0.1699163227676821,0.1106503812894138
187.66766766766767,0.14900766463491685,0.16992386328442757,0.11062042620810483
187.7077077077077,0.1490555559419006,0.16993104807615061,0.1105904642193698
187.74774774774775,0.14910346239023667,0.16993787709165706,0.11056049565678616
187.78778778778778,0.14915138321188756,0.1699443502822878,0.11053052085400464
187.82782782782783,0.1491993176385854,0.16995046760191906,0.11050054014474535
187.86786786786786,0.1492472649018442,0.1699562290069628,0.11047055386279428
187.9079079079079,0.1492952242329722,0.16996163445636703,0.11044056234199934
187.94794794794794,0.14934319486308403,0.16996668391161596,0.11041056591626686
187.987987987988,0.14939117602311336,0.16997137733673046,0.1103805649195577
188.02802802802802,0.14943916694382486,0.16997571469826828,0.11035055968588367
188.06806806806807,0.1494871668558269,0.16997969596532417,0.1103205505493037
188.1081081081081,0.14953517498958352,0.1699833211095302,0.11029053784392026
188.14814814814815,0.14958319057542716,0.16998659010505598,0.11026052190387543
188.18818818818818,0.14963121284357053,0.16998950292860873,0.11023050306334743
188.22822822822823,0.14967924102411945,0.16999205955943358,0.11020048165654667
188.26826826826826,0.1497272743470848,0.16999425997931367,0.11017045801771218
188.3083083083083,0.14977531204239514,0.16999610417257016,0.1101404324811078
188.34834834834834,0.14982335333990873,0.1699975921260626,0.1101104053810186
188.3883883883884,0.14987139746942635,0.1699987238291888,0.11008037705174692
188.42842842842842,0.14991944366070312,0.16999949927388489,0.1100503478276089
188.46846846846847,0.1499674911434613,0.16999991845462564,0.11002031804293055
188.5085085085085,0.15001553914740232,0.16999998136842423,0.10999028803204422
188.54854854854855,0.15006358690221933,0.16999968801483234,0.10996025812928464
188.58858858858858,0.15011163363760938,0.16999903839594027,0.10993022866898551
188.62862862862863,0.150159678583286,0.16999803251637674,0.10990019998547546
188.66866866866866,0.1502077209689913,0.169996670383309,0.10987017241307455
188.7087087087087,0.15025576002450855,0.16999495200644274,0.10984014628609043
188.74874874874874,0.15030379497967422,0.169992877398022,0.10981012193881468
188.7887887887888,0.15035182506439074,0.16999044657282908,0.10978009970551901
188.82882882882882,0.15039984950863838,0.16998765954818446,0.10975007992045174
188.86886886886887,0.1504478675424881,0.16998451634394665,0.10972006291783376
188.9089089089089,0.15049587839611342,0.1699810169825121,0.1096900490318551
188.94894894894895,0.1505438812998031,0.16997716148881503,0.109660038596671
188.98898898898898,0.15059187548397326,0.16997294989032713,0.10963003194639838
189.02902902902903,0.15063986017917988,0.1699683822170575,0.10960002941511193
189.06906906906906,0.15068783461613106,0.16996345850155248,0.10957003133684057
189.1091091091091,0.1507357980256994,0.16995817877889519,0.10954003804556355
189.14914914914914,0.15078374963893415,0.16995254308670557,0.1095100498752069
189.1891891891892,0.15083168868707383,0.16994655146513987,0.1094800671596396
189.22922922922922,0.15087961440155828,0.16994020395689052,0.10945009023266991
189.26926926926927,0.15092752601404125,0.1699335006071857,0.10942011942804161
189.3093093093093,0.1509754227564024,0.16992644146378916,0.10939015507943041
189.34934934934935,0.15102330386076,0.16991902657699975,0.10936019752044003
189.38938938938938,0.15107116855948274,0.16991125599965112,0.10933024708459868
189.42942942942943,0.15111901608520265,0.16990312978711142,0.10930030410535523
189.46946946946946,0.15116684567082683,0.1698946479972827,0.10927036891607553
189.5095095095095,0.15121465654955019,0.1698858106906007,0.10924044185003869
189.54954954954954,0.15126244795486732,0.16987661793003436,0.10921052324043344
189.5895895895896,0.15131021912058526,0.1698670697810853,0.10918061342035432
189.62962962962962,0.15135796928083528,0.1698571663117874,0.10915071272279801
189.66966966966967,0.15140569767008566,0.1698469075927064,0.1091208214806596
189.7097097097097,0.1514534035231535,0.16983629369693923,0.109090940026729
189.74974974974975,0.1515010860752174,0.16982532470011363,0.10906106869368702
189.78978978978978,0.15154874456182926,0.16981400068038754,0.10903120781410193
189.82982982982983,0.15159637821892705,0.16980232171844856,0.10900135772042548
189.86986986986986,0.1516439862828467,0.16979028789751344,0.10897151874498945
189.9099099099099,0.1516915679903345,0.16977789930332732,0.10894169122000175
189.94994994994994,0.15173912257855918,0.16976515602416328,0.10891187547754286
189.98998998999,0.1517866492851244,0.16975205815082167,0.10888207184956204
190.03003003003002,0.1518341473480806,0.16973860577662941,0.10885228066787377
190.07007007007007,0.15188161600593766,0.1697247989974394,0.10882250226415383
190.1101101101101,0.1519290544976768,0.16971063791162974,0.10879273696993583
190.15015015015015,0.15197646206276283,0.16969612262010317,0.10876298511660738
190.19019019019018,0.15202383794115637,0.16968125322628624,0.10873324703540649
190.23023023023023,0.15207118137332612,0.16966602983612852,0.10870352305741778
190.27027027027026,0.15211849160026092,0.1696504525581021,0.10867381351356893
190.3103103103103,0.15216576786348196,0.16963452150320046,0.10864411873462686
190.35035035035034,0.15221300940505486,0.169618236784938,0.10861443905119414
190.3903903903904,0.15226021546760204,0.16960159851934903,0.10858477479370524
190.43043043043042,0.15230738529431462,0.16958460682498705,0.10855512629242293
190.47047047047047,0.1523545181289647,0.16956726182292375,0.1085254938774345
190.5105105105105,0.15240161321591736,0.16954956363674845,0.10849587787864826
190.55055055055055,0.152448669800143,0.16953151239256686,0.10846627862578963
190.59059059059058,0.15249568712722908,0.16951310821900048,0.10843669644839765
190.63063063063063,0.15254266444339268,0.16949435124718545,0.10840713167582122
190.67067067067066,0.15258960099549215,0.1694752416107718,0.10837758463721554
190.7107107107107,0.15263649603103951,0.16945577944592233,0.10834805566153827
190.75075075075074,0.15268334879821222,0.16943596489131185,0.10831854507754607
190.7907907907908,0.15273015854586552,0.16941579808812596,0.10828905321379075
190.83083083083082,0.15277692452354424,0.16939527918006025,0.10825958039861575
190.87087087087087,0.15282364598149506,0.1693744083133191,0.10823012696015243
190.9109109109109,0.1528703221706782,0.16935318563661475,0.10820069322631641
190.95095095095095,0.15291695234277988,0.1693316113011662,0.10817127952480392
190.99099099099098,0.1529635357502238,0.16930968546069816,0.10814188618308823
191.03103103103103,0.15301007164618366,0.16928740827143993,0.10811251352841585
191.07107107107106,0.15305655928459466,0.1692647798921243,0.10808316188780304
191.11111111111111,0.15310299792016582,0.1692418004839864,0.10805383158803204
191.15115115115114,0.15314938680839157,0.16921847021076256,0.10802452295564757
191.1911911911912,0.15319572520556415,0.16919478923868914,0.10799523631695303
191.23123123123122,0.15324201236878507,0.1691707577365014,0.10796597199800706
191.27127127127127,0.1532882475559773,0.16914637587543216,0.10793673032461971
191.3113113113113,0.1533344300258971,0.16912164382921077,0.10790751162234899
191.35135135135135,0.1533805590381459,0.16909656177406174,0.10787831621649709
191.39139139139138,0.1534266338531821,0.16907112988870346,0.10784914443210689
191.43143143143143,0.15347265373233304,0.16904534835434704,0.10781999659395822
191.47147147147146,0.15351861793780683,0.16901921735469497,0.10779087302656443
191.51151151151151,0.15356452573270413,0.16899273707593973,0.1077617740541685
191.55155155155154,0.15361037638102984,0.16896590770676267,0.1077327000007397
191.5915915915916,0.15365616914770527,0.16893872943833238,0.1077036511899698
191.63163163163162,0.15370190329857944,0.16891120246430358,0.1076746279452696
191.67167167167167,0.15374757810044137,0.16888332698081554,0.10764563058976517
191.7117117117117,0.15379319282103127,0.16885510318649097,0.10761665944629448
191.75175175175175,0.15383874672905284,0.1688265312824342,0.10758771483740352
191.79179179179178,0.15388423909418453,0.16879761147223007,0.10755879708534301
191.83183183183183,0.15392966918709156,0.1687683439619424,0.10752990651206451
191.87187187187186,0.15397503627943748,0.16873872896011244,0.10750104343921714
191.91191191191191,0.1540203396438959,0.16870876667775747,0.10747220818814371
191.95195195195194,0.15406557855416197,0.16867845732836922,0.1074434010798774
191.991991991992,0.15411075228496438,0.16864780112791244,0.107414622435138
192.03203203203202,0.15415586011207658,0.16861679829482334,0.1073858725743284
192.07207207207207,0.15420090131232878,0.1685854490500079,0.10735715181753104
192.11211211211213,0.15424587516361918,0.16855375361684052,0.1073284604845044
192.15215215215215,0.15429078094492582,0.1685217122211623,0.10729979889467925
192.19219219219218,0.154335617936318,0.16848932509127937,0.10727116736715532
192.23223223223223,0.1543803854189679,0.16845659245796135,0.10724256622069758
192.2722722722723,0.15442508267516208,0.1684235145544398,0.10721399577373279
192.31231231231232,0.1544697089883129,0.16839009161640633,0.10718545634434597
192.35235235235234,0.1545142636429701,0.1683563238820111,0.10715694825027672
192.3923923923924,0.15455874592483232,0.16832221159186103,0.1071284718089158
192.43243243243245,0.15460315512075842,0.16828775498901816,0.10710002733730158
192.47247247247248,0.15464749051877894,0.1682529543189979,0.10707161515211652
192.5125125125125,0.15469175140810762,0.16821780982976717,0.1070432355696836
192.55255255255256,0.15473593707915276,0.16818232177174275,0.10701488890596281
192.5925925925926,0.15478004682352842,0.1681464903977895,0.10698657547654768
192.63263263263264,0.15482407993406602,0.1681103159632186,0.1069582955966617
192.67267267267266,0.15486803570482557,0.1680737987257855,0.10693004958115486
192.71271271271272,0.15491191343110705,0.16803693894568833,0.10690183774450007
192.75275275275277,0.15495571240946154,0.16799973688556594,0.1068736604007898
192.7927927927928,0.15499943193770258,0.16796219281049607,0.10684551786373249
192.83283283283282,0.15504307131491757,0.16792430698799338,0.10681741044664901
192.87287287287288,0.15508662984147892,0.16788607968800762,0.10678933846246924
192.91291291291293,0.15513010681905512,0.1678475111829217,0.10676130222372855
192.95295295295296,0.15517350155062204,0.16780860174754983,0.10673330204256445
192.99299299299298,0.15521681334047427,0.16776935165913529,0.10670533823071292
193.03303303303304,0.15526004149423603,0.1677297611973487,0.10667741109950497
193.0730730730731,0.15530318531887244,0.167689830644286,0.10664952095986341
193.11311311311312,0.15534624412270046,0.1676495602844664,0.10662166812229905
193.15315315315314,0.15538921721540025,0.16760895040483031,0.10659385289690745
193.1931931931932,0.1554321039080261,0.1675680012947373,0.10656607559336541
193.23323323323325,0.15547490351301735,0.16752671324596424,0.10653833652092758
193.27327327327328,0.15551761534420955,0.16748508655270286,0.10651063598842296
193.3133133133133,0.15556023871684554,0.167443121511558,0.10648297430425144
193.35335335335336,0.15560277294758632,0.1674008184215452,0.1064553517763804
193.3933933933934,0.15564521735452186,0.16735817758408886,0.10642776871234123
193.43343343343344,0.15568757125718238,0.1673151993030199,0.1064002254192261
193.47347347347346,0.15572983397654894,0.16727188388457365,0.10637272220368428
193.51351351351352,0.15577200483506456,0.1672282316373876,0.10634525937191883
193.55355355355357,0.15581408315664486,0.16718424287249928,0.1063178372296833
193.5935935935936,0.15585606826668905,0.16713991790334415,0.10629045608227816
193.63363363363362,0.15589795949209073,0.16709525704575312,0.10626311623454746
193.67367367367368,0.15593975616124872,0.1670502606179504,0.10623581799087545
193.71371371371373,0.1559814576040777,0.16700492894055133,0.10620856165518323
193.75375375375376,0.15602306315201891,0.16695926233656003,0.10618134753092534
193.79379379379378,0.15606457213805122,0.16691326113136706,0.10615417592108628
193.83383383383384,0.1561059838967014,0.16686692565274705,0.10612704712817728
193.8738738738739,0.15614729776405512,0.16682025623085658,0.10609996145423282
193.91391391391392,0.1561885130777672,0.16677325319823172,0.10607291920080741
193.95395395395394,0.15622962917707275,0.16672591688978544,0.1060459206689721
193.993993993994,0.1562706454027974,0.1666782476428055,0.1060189661593111
194.03403403403405,0.15631156109736785,0.1666302457969521,0.10599205597191866
194.07407407407408,0.15635237560482257,0.16658191169425515,0.10596519040639542
194.1141141141141,0.15639308827082235,0.1665332456791121,0.10593836976184534
194.15415415415416,0.15643369844266067,0.16648424809828533,0.10591159433687215
194.1941941941942,0.15647420546927407,0.16643491930089976,0.10588486442957624
194.23423423423424,0.1565146087012529,0.16638525963844045,0.10585818033755123
194.27427427427426,0.15655490749085144,0.16633526946474983,0.1058315423578806
194.31431431431432,0.15659510119199846,0.1662849491360254,0.10580495078713445
194.35435435435437,0.15663518916030744,0.16623429901081715,0.1057784059213662
194.3943943943944,0.15667517075308698,0.16618331945002499,0.10575190805610936
194.43443443443442,0.15671504532935115,0.16613201081689616,0.10572545748637407
194.47447447447448,0.1567548122498297,0.16608037347702262,0.10569905450664394
194.51451451451453,0.1567944708769783,0.16602840779833852,0.10567269941087278
194.55455455455456,0.1568340205749887,0.16597611415111757,0.10564639249248124
194.59459459459458,0.15687346070979913,0.16592349290797032,0.10562013404435364
194.63463463463464,0.15691279064910435,0.16587054444384153,0.1055939243588346
194.6746746746747,0.1569520097623657,0.16581726913600758,0.10556776372772592
194.71471471471472,0.1569911174208213,0.16576366736407375,0.10554165244228325
194.75475475475474,0.1570301129974961,0.16570973950997142,0.10551559079321282
194.7947947947948,0.15706899586721207,0.16565548595795543,0.10548957907066825
194.83483483483485,0.1571077654065979,0.16560090709460137,0.1054636175642473
194.87487487487488,0.15714642099409934,0.1655460033088028,0.1054377065629887
194.9149149149149,0.157184962009989,0.16549077499176842,0.10541184635536886
194.95495495495496,0.15722338783637627,0.16543522253701928,0.10538603722929867
194.994994994995,0.15726169785721725,0.16537934634038612,0.10536027947212034
195.03503503503504,0.1572998914583247,0.16532314680000654,0.10533457337060417
195.07507507507506,0.1573379680273778,0.16526662431632183,0.10530891921094535
195.11511511511512,0.15737592695393196,0.1652097792920745,0.10528331727876072
195.15515515515517,0.15741376762942869,0.1651526121323053,0.10525776785908578
195.1951951951952,0.15745148944720522,0.16509512324435033,0.10523227123637134
195.23523523523522,0.15748909180250437,0.16503731303783803,0.10520682769448035
195.27527527527528,0.15752657409248422,0.1649791819246863,0.10518143751668484
195.31531531531533,0.15756393571622768,0.1649207303190998,0.10515610098566268
195.35535535535536,0.15760117607475216,0.16486195863756667,0.10513081838349454
195.39539539539538,0.15763829457101927,0.16480286729885574,0.10510558999166064
195.43543543543544,0.15767529060994429,0.16474345672401347,0.1050804160910376
195.4754754754755,0.15771216359840579,0.16468372733636105,0.10505529696189551
195.51551551551552,0.15774891294525495,0.16462367956149135,0.10503023288389454
195.55555555555554,0.15778553806132528,0.16456331382726577,0.10500522413608201
195.5955955955956,0.15782203835944203,0.1645026305638113,0.1049802709968892
195.63563563563565,0.15785841325443137,0.16444163020351746,0.1049553737441283
195.67567567567568,0.15789466216312997,0.16438031318103327,0.10493053265498936
195.7157157157157,0.15793078450439443,0.16431867993326393,0.10490574800603704
195.75575575575576,0.15796677969911044,0.16425673089936793,0.10488102007320767
195.7957957957958,0.15800264717020202,0.16419446652075387,0.10485634913180611
195.83583583583584,0.1580383863426409,0.1641318872410773,0.10483173545650279
195.87587587587586,0.15807399664345576,0.1640689935062375,0.1048071793213305
195.91591591591592,0.15810947750174134,0.16400578576437433,0.10478268099968145
195.95595595595597,0.15814482834866753,0.1639422644658651,0.1047582407643042
195.995995995996,0.15818004861748858,0.16387843006332142,0.1047338588873006
196.03603603603602,0.15821513774355223,0.1638142830115857,0.10470953564012274
196.07607607607608,0.1582500951643087,0.16374982376772818,0.10468527129357001
196.11611611611613,0.1582849203193197,0.16368505279104353,0.10466106611778606
196.15615615615616,0.15831961265026737,0.16361997054304775,0.10463692038225572
196.19619619619618,0.15835417160096332,0.16355457748747462,0.10461283435580208
196.23623623623624,0.15838859661735757,0.16348887409027246,0.10458880830658344
196.2762762762763,0.15842288714754738,0.16342286081960117,0.10456484250209036
196.31631631631632,0.15845704264178595,0.1633565381458284,0.1045409372091427
196.35635635635634,0.15849106255249157,0.16328990654152645,0.10451709269388662
196.3963963963964,0.15852494633425612,0.16322296648146878,0.10449330922179156
196.43643643643645,0.15855869344385393,0.16315571844262683,0.10446958705764745
196.47647647647648,0.15859230334025032,0.16308816290416647,0.10444592646556154
196.5165165165165,0.15862577548461063,0.16302030034744455,0.10442232770895568
196.55655655655656,0.15865910934030858,0.16295213125600555,0.10439879105056318
196.5965965965966,0.15869230437293483,0.16288365611557815,0.1043753167524261
196.63663663663664,0.15872536005030574,0.1628148754140718,0.10435190507589218
196.67667667667666,0.15875827584247185,0.16274578964157302,0.1043285562816119
196.71671671671672,0.15879105122172632,0.16267639929034214,0.10430527062953576
196.75675675675677,0.15882368566261337,0.16260670485480977,0.10428204837891117
196.7967967967968,0.15885617864193674,0.1625367068315732,0.10425888978827977
196.83683683683682,0.15888852963876812,0.1624664057193929,0.10423579511547439
196.87687687687688,0.15892073813445554,0.1623958020191888,0.10421276461761622
196.91691691691693,0.1589528036126315,0.16232489623403712,0.10418979855111205
196.95695695695696,0.15898472555922136,0.16225368886916647,0.10416689717165126
196.99699699699698,0.15901650346245166,0.1621821804319542,0.10414406073420307
197.03703703703704,0.1590481368128582,0.16211037143192297,0.10412128949301366
197.0770770770771,0.1590796251032943,0.16203826238073712,0.10409858370160338
197.11711711711712,0.15911096782893877,0.16196585379219894,0.10407594361276394
197.15715715715714,0.15914216448730426,0.16189314618224493,0.1040533694785555
197.1971971971972,0.1591732145782451,0.1618201400689423,0.1040308615503039
197.23723723723725,0.1592041176039654,0.1617468359724852,0.10400842007859794
197.27727727727728,0.15923487306902703,0.1616732344151911,0.10398604531328655
197.3173173173173,0.15926548048035755,0.16159933592149678,0.10396373750347596
197.35735735735736,0.15929593934725814,0.1615251410179549,0.10394149689752694
197.3973973973974,0.1593262491814114,0.16145065023323016,0.10391932374305211
197.43743743743744,0.15935640949688928,0.16137586409809562,0.1038972182869131
197.47747747747746,0.1593864198101608,0.16130078314542862,0.10387518077521782
197.51751751751752,0.15941627964009986,0.16122540791020717,0.10385321145331773
197.55755755755757,0.1594459885079928,0.16114973892950638,0.10383131056580512
197.5975975975976,0.1594755459375463,0.16107377674249423,0.10380947835651042
197.63763763763762,0.15950495145489482,0.16099752189042793,0.10378771506849936
197.67767767767768,0.1595342045886084,0.16092097491664992,0.1037660209440704
197.71771771771773,0.15956330486969997,0.1608441363665843,0.10374439622475191
197.75775775775776,0.15959225183163303,0.1607670067877327,0.10372284115129968
197.79779779779778,0.15962104501032914,0.16068958672967035,0.10370135596369395
197.83783783783784,0.15964968394417528,0.16061187674404226,0.103679940901137
197.8778778778779,0.15967816817403135,0.16053387738455938,0.10365859620205035
197.91791791791792,0.15970649724323732,0.1604555892069945,0.10363732210407216
197.95795795795794,0.1597346706976209,0.16037701276917826,0.10361611884405453
197.997997997998,0.15976268808550448,0.1602981486309953,0.10359498665806087
198.03803803803805,0.15979054895771252,0.16021899735438028,0.10357392578136339
198.07807807807808,0.1598182528675788,0.16013955950331385,0.10355293644844034
198.1181181181181,0.1598457993709535,0.16005983564381848,0.10353201889297342
198.15815815815816,0.15987318802621034,0.15997982634395455,0.10351117334784525
198.1981981981982,0.15990041839425367,0.15989953217381642,0.10349040004513667
198.23823823823824,0.1599274900385255,0.15981895370552826,0.10346969921612431
198.27827827827826,0.1599544025250125,0.1597380915132398,0.10344907109127786
198.31831831831832,0.15998115542225302,0.15965694617312248,0.10342851590025756
198.35835835835837,0.16000774830134384,0.15957551826336536,0.10340803387191172
198.3983983983984,0.16003418073594725,0.15949380836417085,0.10338762523427404
198.43843843843842,0.1600604523022977,0.15941181705775057,0.10336729021456117
198.47847847847848,0.1600865625792088,0.15932954492832124,0.10334702903917009
198.51851851851853,0.1601125111480799,0.15924699256210073,0.10332684193367571
198.55855855855856,0.1601382975929028,0.1591641605473036,0.1033067291228283
198.59859859859858,0.16016392150026854,0.15908104947413693,0.10328669083055092
198.63863863863864,0.16018938245937397,0.15899765993479614,0.10326672727993703
198.6786786786787,0.16021468006202833,0.15891399252346106,0.10324683869324792
198.71871871871872,0.16023981390265973,0.15883004783629137,0.10322702529191038
198.75875875875874,0.16026478357832183,0.1587458264714223,0.10320728729651402
198.7987987987988,0.1602895886887001,0.15866132902896052,0.10318762492680897
198.83883883883885,0.16031422883611834,0.15857655611098,0.10316803840170344
198.87887887887888,0.16033870362554503,0.15849150832151754,0.10314852793926116
198.9189189189189,0.16036301266459974,0.1584061862665684,0.10312909375669908
198.95895895895896,0.16038715556355929,0.15832059055408204,0.10310973607038484
198.998998998999,0.16041113193536408,0.158234721793958,0.10309045509583452
199.03903903903904,0.16043494139562425,0.15814858059804135,0.10307125104771005
199.07907907907907,0.16045858356262593,0.1580621675801182,0.10305212413981696
199.11911911911912,0.16048205805733728,0.15797548335591155,0.10303307458510191
199.15915915915917,0.16050536450341457,0.15788852854307697,0.10301410259565037
199.1991991991992,0.16052850252720818,0.15780130376119797,0.1029952083826843
199.23923923923923,0.16055147175776877,0.1577138096317817,0.1029763921565597
199.27927927927928,0.160574271826853,0.15762604677825437,0.10295765412676428
199.31931931931933,0.16059690236892954,0.15753801582595717,0.10293899450191524
199.35935935935936,0.16061936302118493,0.15744971740214153,0.10292041348975683
199.39939939939939,0.16064165342352943,0.15736115213596463,0.10290191129715807
199.43943943943944,0.16066377321860267,0.15727232065848495,0.10288348813011046
199.4794794794795,0.16068572205177956,0.15718322360265796,0.1028651441937257
199.51951951951952,0.16070749957117575,0.15709386160333147,0.10284687969223337
199.55955955955955,0.16072910542765353,0.15700423529724097,0.10282869482897866
199.5995995995996,0.16075053927482724,0.15691434532300527,0.10281058980642016
199.63963963963965,0.16077180076906886,0.156824192321122,0.10279256482612749
199.67967967967968,0.1607928895695135,0.1567337769339629,0.10277462008877924
199.7197197197197,0.16081380533806497,0.1566430998057693,0.10275675579416052
199.75975975975976,0.16083454773940115,0.1565521615826474,0.1027389721411609
199.7997997997998,0.16085511644097925,0.15646096291256395,0.10272126932777215
199.83983983983984,0.16087551111304135,0.15636950444534162,0.10270364755108598
199.87987987987987,0.16089573142861952,0.1562777868326539,0.1026861070072919
199.91991991991992,0.1609157770635411,0.15618581072802085,0.10266864789167504
199.95995995995997,0.16093564769643395,0.15609357678680455,0.10265127039861395
200.0,0.16095534300873152,0.1560010856662042,0.1026339747215785
